{
  "packages":
  [
    {
      "name": "Artys",
      "maintainer": "Artys",
      "websiteURL": "https://artys.it",
      "email" : "info@artys.it",
      "platforms":
      [
        {
          "name": "Artys Boards",
          "architecture": "samd",
          "version": "1.0.0",
          "category": "Contributed",
          "url": "https://github.com/atomicant71/ArtysBoards/blob/main/blob/master/custom_board/ArtysBoards-1.0.0.zip?raw=true",
          "archiveFileName": "ArtysBoards-1.0.0.zip",
          "checksum": "SHA-256:33923d4ab47ff5f92de3fd22f00e39604b7b4412d9508566685bc1ab6b9a94b3",
          "size": "6451088",
          "boards": [
            {
              "name": "SRS MB5 M0"
            }
          ],
          "toolsDependencies":
          [
            {
              "packager": "arduino",
              "name": "arm-none-eabi-gcc",
              "version": "7-2017q4"
            },
            {
              "packager": "arduino",
              "name": "bossac",
              "version": "1.8.0-48-gb176eee"
            },
            {
              "packager": "arduino",
              "name": "openocd",
              "version": "0.10.0-arduino9"
            },
            {
              "packager": "arduino",
              "name": "CMSIS",
              "version": "4.5.0"
            },
            {
              "packager": "arduino",
              "name": "CMSIS-Atmel",
              "version": "1.2.0"
            }
          ]
        },
        {
          "name": "Robo HAT Boards",
          "architecture": "samd",
          "version": "0.0.24",
          "category": "Contributed",
          "url": "https://github.com/robotics-masters/mm1-hat-arduino/blob/master/custom_board/RoboHat-0.0.24.zip?raw=true",
          "archiveFileName": "RoboHat-0.0.24.zip",
          "checksum": "SHA-256:750fedea5f8ac247a4534dcd3b034c8cb9b27be80c631b59761f8aa87a67d737",
          "size": "3661545",
          "boards": [
            {
              "name": "Robo HAT MM1"
            }
          ],
          "toolsDependencies":
          [
            {
              "packager": "arduino",
              "name": "arm-none-eabi-gcc",
              "version": "7-2017q4"
            },
            {
              "packager": "arduino",
              "name": "bossac",
              "version": "1.8.0-48-gb176eee"
            },
            {
              "packager": "arduino",
              "name": "openocd",
              "version": "0.10.0-arduino9"
            },
            {
              "packager": "arduino",
              "name": "CMSIS",
              "version": "4.5.0"
            },
            {
              "packager": "arduino",
              "name": "CMSIS-Atmel",
              "version": "1.2.0"
            }
          ]
        }
      ],
      "tools":
      [
      ]
    }
  ]
}